,mean_fit_time,std_fit_time,mean_score_time,std_score_time,param_model__activations,param_model__epsilon,param_model__llambda,param_model__n_hidden,params,split0_test_score,split1_test_score,split2_test_score,split3_test_score,split4_test_score,mean_test_score,std_test_score,rank_test_score
0,3.139842414855957,0.15541468668308442,0.0011023998260498047,0.0002008949184872979,"['sigmoid', 'sigmoid', 'softmax']",0.0001,0.0,"[25, 25, 2]","{'model__activations': ['sigmoid', 'sigmoid', 'softmax'], 'model__epsilon': 0.0001, 'model__llambda': 0, 'model__n_hidden': [25, 25, 2]}",0.9560439560439561,0.9560439560439561,0.9230769230769231,0.945054945054945,0.978021978021978,0.9516483516483516,0.017855029460738355,122
1,3.374231719970703,0.03894823023998293,0.0007996559143066406,0.0003998298195719918,"['sigmoid', 'sigmoid', 'softmax']",0.0001,0.0,"[50, 50, 2]","{'model__activations': ['sigmoid', 'sigmoid', 'softmax'], 'model__epsilon': 0.0001, 'model__llambda': 0, 'model__n_hidden': [50, 50, 2]}",0.9340659340659341,0.978021978021978,0.9340659340659341,0.967032967032967,0.967032967032967,0.956043956043956,0.01838813245129835,111
2,4.1114787578582765,0.0327822543457844,0.0010000705718994141,1.2305725002826633e-06,"['sigmoid', 'sigmoid', 'softmax']",0.0001,0.0,"[100, 100, 2]","{'model__activations': ['sigmoid', 'sigmoid', 'softmax'], 'model__epsilon': 0.0001, 'model__llambda': 0, 'model__n_hidden': [100, 100, 2]}",0.9560439560439561,0.978021978021978,0.9230769230769231,0.989010989010989,0.9340659340659341,0.956043956043956,0.025058800551629394,111
3,3.104514980316162,0.04223310325160461,0.0006006717681884766,0.0004904471635737205,"['sigmoid', 'sigmoid', 'softmax']",0.0001,0.0001,"[25, 25, 2]","{'model__activations': ['sigmoid', 'sigmoid', 'softmax'], 'model__epsilon': 0.0001, 'model__llambda': 0.0001, 'model__n_hidden': [25, 25, 2]}",0.8901098901098901,0.9340659340659341,0.9010989010989011,0.8901098901098901,0.978021978021978,0.9186813186813186,0.03376327801260927,175
4,3.374100923538208,0.03845739364180597,0.0010016441345214843,2.075200571726698e-06,"['sigmoid', 'sigmoid', 'softmax']",0.0001,0.0001,"[50, 50, 2]","{'model__activations': ['sigmoid', 'sigmoid', 'softmax'], 'model__epsilon': 0.0001, 'model__llambda': 0.0001, 'model__n_hidden': [50, 50, 2]}",0.9120879120879121,0.945054945054945,0.8901098901098901,0.9560439560439561,0.989010989010989,0.9384615384615385,0.034471180530457446,155
5,4.097679805755615,0.023535925477994452,0.0005008220672607422,0.00044766145911593204,"['sigmoid', 'sigmoid', 'softmax']",0.0001,0.0001,"[100, 100, 2]","{'model__activations': ['sigmoid', 'sigmoid', 'softmax'], 'model__epsilon': 0.0001, 'model__llambda': 0.0001, 'model__n_hidden': [100, 100, 2]}",0.9010989010989011,0.9560439560439561,0.945054945054945,1.0,0.9340659340659341,0.9472527472527472,0.03215107436995119,141
6,3.1458780765533447,0.07523379896343943,0.001089000701904297,0.00017267356586803549,"['sigmoid', 'sigmoid', 'softmax']",0.0001,0.001,"[25, 25, 2]","{'model__activations': ['sigmoid', 'sigmoid', 'softmax'], 'model__epsilon': 0.0001, 'model__llambda': 0.001, 'model__n_hidden': [25, 25, 2]}",0.8901098901098901,0.967032967032967,0.9120879120879121,0.978021978021978,0.967032967032967,0.9428571428571428,0.035027203187932385,146
7,3.3684504508972166,0.029209855611696877,0.0006007194519042969,0.000490486243904136,"['sigmoid', 'sigmoid', 'softmax']",0.0001,0.001,"[50, 50, 2]","{'model__activations': ['sigmoid', 'sigmoid', 'softmax'], 'model__epsilon': 0.0001, 'model__llambda': 0.001, 'model__n_hidden': [50, 50, 2]}",0.9010989010989011,0.9560439560439561,0.945054945054945,0.978021978021978,0.9010989010989011,0.9362637362637363,0.030611842367437612,160
8,4.088061666488647,0.021570350566226186,0.001001119613647461,1.4619550434833424e-06,"['sigmoid', 'sigmoid', 'softmax']",0.0001,0.001,"[100, 100, 2]","{'model__activations': ['sigmoid', 'sigmoid', 'softmax'], 'model__epsilon': 0.0001, 'model__llambda': 0.001, 'model__n_hidden': [100, 100, 2]}",0.945054945054945,0.9560439560439561,0.945054945054945,0.978021978021978,0.989010989010989,0.9626373626373625,0.01785502946073839,91
9,3.0577507495880125,0.018247358060780136,0.0001998424530029297,0.0003996849060058594,"['sigmoid', 'sigmoid', 'softmax']",0.0001,0.01,"[25, 25, 2]","{'model__activations': ['sigmoid', 'sigmoid', 'softmax'], 'model__epsilon': 0.0001, 'model__llambda': 0.01, 'model__n_hidden': [25, 25, 2]}",0.9560439560439561,0.9340659340659341,0.9120879120879121,0.9230769230769231,0.9120879120879121,0.9274725274725275,0.016446845656149216,165
10,3.353432035446167,0.031430852213640885,0.0010002613067626952,1.435271925286523e-06,"['sigmoid', 'sigmoid', 'softmax']",0.0001,0.01,"[50, 50, 2]","{'model__activations': ['sigmoid', 'sigmoid', 'softmax'], 'model__epsilon': 0.0001, 'model__llambda': 0.01, 'model__n_hidden': [50, 50, 2]}",0.9230769230769231,0.989010989010989,0.945054945054945,0.9560439560439561,0.967032967032967,0.956043956043956,0.021978021978021976,111
11,4.135271215438843,0.027577686231076207,0.0009008407592773438,0.0001994883798674845,"['sigmoid', 'sigmoid', 'softmax']",0.0001,0.01,"[100, 100, 2]","{'model__activations': ['sigmoid', 'sigmoid', 'softmax'], 'model__epsilon': 0.0001, 'model__llambda': 0.01, 'model__n_hidden': [100, 100, 2]}",0.9560439560439561,0.945054945054945,0.945054945054945,0.978021978021978,0.967032967032967,0.9582417582417582,0.01281527888976989,107
12,3.0971991539001467,0.018771585133866196,0.001100778579711914,0.0002007517282031501,"['sigmoid', 'sigmoid', 'softmax']",0.0001,0.1,"[25, 25, 2]","{'model__activations': ['sigmoid', 'sigmoid', 'softmax'], 'model__epsilon': 0.0001, 'model__llambda': 0.1, 'model__n_hidden': [25, 25, 2]}",0.945054945054945,0.945054945054945,0.8901098901098901,0.9010989010989011,0.9560439560439561,0.9274725274725274,0.02655614499691116,168
13,3.37625937461853,0.022656572227190388,0.0008997440338134766,0.0004904118077947646,"['sigmoid', 'sigmoid', 'softmax']",0.0001,0.1,"[50, 50, 2]","{'model__activations': ['sigmoid', 'sigmoid', 'softmax'], 'model__epsilon': 0.0001, 'model__llambda': 0.1, 'model__n_hidden': [50, 50, 2]}",0.9230769230769231,0.9120879120879121,0.9340659340659341,0.9120879120879121,0.945054945054945,0.9252747252747252,0.01281527888976989,170
14,4.101850414276123,0.008742735234870899,0.0007009506225585938,0.0006010538715539276,"['sigmoid', 'sigmoid', 'softmax']",0.0001,0.1,"[100, 100, 2]","{'model__activations': ['sigmoid', 'sigmoid', 'softmax'], 'model__epsilon': 0.0001, 'model__llambda': 0.1, 'model__n_hidden': [100, 100, 2]}",0.945054945054945,0.967032967032967,0.9340659340659341,0.967032967032967,0.945054945054945,0.9516483516483516,0.013186813186813192,122
15,3.0972414016723633,0.021494477169538,0.0009005069732666016,0.0004905642886214367,"['sigmoid', 'sigmoid', 'softmax']",0.001,0.0,"[25, 25, 2]","{'model__activations': ['sigmoid', 'sigmoid', 'softmax'], 'model__epsilon': 0.001, 'model__llambda': 0, 'model__n_hidden': [25, 25, 2]}",0.945054945054945,0.989010989010989,0.9340659340659341,0.989010989010989,0.9560439560439561,0.9626373626373625,0.022627758551619796,91
16,3.387599992752075,0.03770871217957488,0.000599527359008789,0.0004895131768036267,"['sigmoid', 'sigmoid', 'softmax']",0.001,0.0,"[50, 50, 2]","{'model__activations': ['sigmoid', 'sigmoid', 'softmax'], 'model__epsilon': 0.001, 'model__llambda': 0, 'model__n_hidden': [50, 50, 2]}",0.9560439560439561,0.967032967032967,0.9340659340659341,0.989010989010989,0.978021978021978,0.9648351648351647,0.01890620937811566,78
17,4.1064980030059814,0.02742419675818439,0.0008005619049072266,0.0004002817299510538,"['sigmoid', 'sigmoid', 'softmax']",0.001,0.0,"[100, 100, 2]","{'model__activations': ['sigmoid', 'sigmoid', 'softmax'], 'model__epsilon': 0.001, 'model__llambda': 0, 'model__n_hidden': [100, 100, 2]}",0.989010989010989,0.978021978021978,0.9340659340659341,0.989010989010989,0.978021978021978,0.9736263736263737,0.020381579110979573,13
18,3.081653928756714,0.024979112095990637,0.0007316112518310547,0.0004269133649497873,"['sigmoid', 'sigmoid', 'softmax']",0.001,0.0001,"[25, 25, 2]","{'model__activations': ['sigmoid', 'sigmoid', 'softmax'], 'model__epsilon': 0.001, 'model__llambda': 0.0001, 'model__n_hidden': [25, 25, 2]}",0.989010989010989,0.978021978021978,0.9340659340659341,0.967032967032967,1.0,0.9736263736263737,0.02262775855161978,13
19,3.3652177810668946,0.032433394666966056,0.0010016918182373046,1.4510273031905117e-06,"['sigmoid', 'sigmoid', 'softmax']",0.001,0.0001,"[50, 50, 2]","{'model__activations': ['sigmoid', 'sigmoid', 'softmax'], 'model__epsilon': 0.001, 'model__llambda': 0.0001, 'model__n_hidden': [50, 50, 2]}",0.967032967032967,0.989010989010989,0.9340659340659341,1.0,0.978021978021978,0.9736263736263737,0.02262775855161978,13
20,4.114421653747558,0.024488455204495333,0.0005998611450195312,0.0004897845816770382,"['sigmoid', 'sigmoid', 'softmax']",0.001,0.0001,"[100, 100, 2]","{'model__activations': ['sigmoid', 'sigmoid', 'softmax'], 'model__epsilon': 0.001, 'model__llambda': 0.0001, 'model__n_hidden': [100, 100, 2]}",0.967032967032967,0.978021978021978,0.9230769230769231,0.989010989010989,0.978021978021978,0.9670329670329669,0.02305074391582749,62
21,3.090565061569214,0.037531381615670024,0.0006008148193359375,0.0004905647289406767,"['sigmoid', 'sigmoid', 'softmax']",0.001,0.001,"[25, 25, 2]","{'model__activations': ['sigmoid', 'sigmoid', 'softmax'], 'model__epsilon': 0.001, 'model__llambda': 0.001, 'model__n_hidden': [25, 25, 2]}",0.9560439560439561,0.967032967032967,0.9340659340659341,0.989010989010989,0.989010989010989,0.9670329670329672,0.020850182374736577,52
22,3.3428762435913084,0.028595936664682346,0.0006001949310302735,0.000490058137550622,"['sigmoid', 'sigmoid', 'softmax']",0.001,0.001,"[50, 50, 2]","{'model__activations': ['sigmoid', 'sigmoid', 'softmax'], 'model__epsilon': 0.001, 'model__llambda': 0.001, 'model__n_hidden': [50, 50, 2]}",0.967032967032967,0.967032967032967,0.945054945054945,0.978021978021978,0.978021978021978,0.9670329670329669,0.012037858406706946,62
23,4.08108229637146,0.024127357884096205,0.0007008075714111328,0.00040019893609764904,"['sigmoid', 'sigmoid', 'softmax']",0.001,0.001,"[100, 100, 2]","{'model__activations': ['sigmoid', 'sigmoid', 'softmax'], 'model__epsilon': 0.001, 'model__llambda': 0.001, 'model__n_hidden': [100, 100, 2]}",0.9560439560439561,0.967032967032967,0.945054945054945,0.989010989010989,1.0,0.9714285714285715,0.020381579110979577,27
24,3.067456769943237,0.025131301091554956,0.0010005474090576173,1.7494140937656537e-06,"['sigmoid', 'sigmoid', 'softmax']",0.001,0.01,"[25, 25, 2]","{'model__activations': ['sigmoid', 'sigmoid', 'softmax'], 'model__epsilon': 0.001, 'model__llambda': 0.01, 'model__n_hidden': [25, 25, 2]}",0.978021978021978,0.967032967032967,0.945054945054945,0.978021978021978,0.989010989010989,0.9714285714285715,0.01490621974313247,27
25,3.3629871368408204,0.038426908450212585,0.0005004405975341797,0.0004473415721131161,"['sigmoid', 'sigmoid', 'softmax']",0.001,0.01,"[50, 50, 2]","{'model__activations': ['sigmoid', 'sigmoid', 'softmax'], 'model__epsilon': 0.001, 'model__llambda': 0.01, 'model__n_hidden': [50, 50, 2]}",0.978021978021978,0.989010989010989,0.9120879120879121,1.0,0.989010989010989,0.9736263736263737,0.03154439581188424,13
26,4.024825191497802,0.09943639896695299,0.0008008480072021484,0.00040042563256661773,"['sigmoid', 'sigmoid', 'softmax']",0.001,0.01,"[100, 100, 2]","{'model__activations': ['sigmoid', 'sigmoid', 'softmax'], 'model__epsilon': 0.001, 'model__llambda': 0.01, 'model__n_hidden': [100, 100, 2]}",0.978021978021978,0.989010989010989,0.945054945054945,1.0,0.989010989010989,0.9802197802197803,0.01890620937811568,1
27,2.8865010261535646,0.010061889211386416,0.0004008293151855469,0.0004909144817719308,"['sigmoid', 'sigmoid', 'softmax']",0.001,0.1,"[25, 25, 2]","{'model__activations': ['sigmoid', 'sigmoid', 'softmax'], 'model__epsilon': 0.001, 'model__llambda': 0.1, 'model__n_hidden': [25, 25, 2]}",0.9120879120879121,0.978021978021978,0.9230769230769231,0.9560439560439561,0.978021978021978,0.9494505494505494,0.027450540652300636,133
28,3.148676633834839,0.019876691885218827,0.0006005287170410157,0.0004903321482726244,"['sigmoid', 'sigmoid', 'softmax']",0.001,0.1,"[50, 50, 2]","{'model__activations': ['sigmoid', 'sigmoid', 'softmax'], 'model__epsilon': 0.001, 'model__llambda': 0.1, 'model__n_hidden': [50, 50, 2]}",0.9010989010989011,0.978021978021978,0.945054945054945,0.9560439560439561,0.978021978021978,0.9516483516483516,0.028316700498296963,122
29,3.8570839405059814,0.04601588521286298,0.0007997989654541015,0.00039989977767629614,"['sigmoid', 'sigmoid', 'softmax']",0.001,0.1,"[100, 100, 2]","{'model__activations': ['sigmoid', 'sigmoid', 'softmax'], 'model__epsilon': 0.001, 'model__llambda': 0.1, 'model__n_hidden': [100, 100, 2]}",0.9010989010989011,0.967032967032967,0.945054945054945,0.9560439560439561,0.978021978021978,0.9494505494505494,0.026556144996911137,133
30,2.892948865890503,0.04314980361964699,0.0007998466491699219,0.00039992362307001474,"['sigmoid', 'sigmoid', 'softmax']",0.01,0.0,"[25, 25, 2]","{'model__activations': ['sigmoid', 'sigmoid', 'softmax'], 'model__epsilon': 0.01, 'model__llambda': 0, 'model__n_hidden': [25, 25, 2]}",0.945054945054945,0.978021978021978,0.9230769230769231,0.989010989010989,0.989010989010989,0.9648351648351647,0.026373626373626374,78
31,3.3613075733184816,0.10388097342113366,0.0007998943328857422,0.00039994731922971075,"['sigmoid', 'sigmoid', 'softmax']",0.01,0.0,"[50, 50, 2]","{'model__activations': ['sigmoid', 'sigmoid', 'softmax'], 'model__epsilon': 0.01, 'model__llambda': 0, 'model__n_hidden': [50, 50, 2]}",0.967032967032967,0.978021978021978,0.9230769230769231,0.989010989010989,0.989010989010989,0.9692307692307693,0.024473689506945145,40
32,4.041507911682129,0.034822784374062006,0.0005016803741455078,0.0004482488779010079,"['sigmoid', 'sigmoid', 'softmax']",0.01,0.0,"[100, 100, 2]","{'model__activations': ['sigmoid', 'sigmoid', 'softmax'], 'model__epsilon': 0.01, 'model__llambda': 0, 'model__n_hidden': [100, 100, 2]}",0.967032967032967,0.978021978021978,0.9230769230769231,0.989010989010989,0.978021978021978,0.9670329670329669,0.02305074391582749,62
33,3.02077202796936,0.026715943877384553,0.0005004405975341797,0.00044723527865047036,"['sigmoid', 'sigmoid', 'softmax']",0.01,0.0001,"[25, 25, 2]","{'model__activations': ['sigmoid', 'sigmoid', 'softmax'], 'model__epsilon': 0.01, 'model__llambda': 0.0001, 'model__n_hidden': [25, 25, 2]}",0.967032967032967,0.989010989010989,0.9230769230769231,0.989010989010989,0.989010989010989,0.9714285714285715,0.025630557779539778,27
34,3.3041061878204347,0.021922563222193464,0.0008392333984375,0.00042641537128519874,"['sigmoid', 'sigmoid', 'softmax']",0.01,0.0001,"[50, 50, 2]","{'model__activations': ['sigmoid', 'sigmoid', 'softmax'], 'model__epsilon': 0.01, 'model__llambda': 0.0001, 'model__n_hidden': [50, 50, 2]}",0.978021978021978,0.978021978021978,0.9230769230769231,0.978021978021978,0.989010989010989,0.9692307692307693,0.023466106048420445,40
35,4.021827602386475,0.022721951432840046,0.00039987564086914064,0.0004897457332026785,"['sigmoid', 'sigmoid', 'softmax']",0.01,0.0001,"[100, 100, 2]","{'model__activations': ['sigmoid', 'sigmoid', 'softmax'], 'model__epsilon': 0.01, 'model__llambda': 0.0001, 'model__n_hidden': [100, 100, 2]}",0.967032967032967,0.9560439560439561,0.9340659340659341,0.989010989010989,0.978021978021978,0.9648351648351647,0.01890620937811566,78
36,3.0276331901550293,0.026456219650356837,0.0008013248443603516,0.0004006668025035267,"['sigmoid', 'sigmoid', 'softmax']",0.01,0.001,"[25, 25, 2]","{'model__activations': ['sigmoid', 'sigmoid', 'softmax'], 'model__epsilon': 0.01, 'model__llambda': 0.001, 'model__n_hidden': [25, 25, 2]}",0.967032967032967,0.989010989010989,0.9230769230769231,0.989010989010989,0.989010989010989,0.9714285714285715,0.025630557779539778,27
37,3.3167274475097654,0.04265475471639671,0.0007014751434326171,0.0006015546421745004,"['sigmoid', 'sigmoid', 'softmax']",0.01,0.001,"[50, 50, 2]","{'model__activations': ['sigmoid', 'sigmoid', 'softmax'], 'model__epsilon': 0.01, 'model__llambda': 0.001, 'model__n_hidden': [50, 50, 2]}",0.9340659340659341,0.967032967032967,0.9230769230769231,0.989010989010989,1.0,0.9626373626373625,0.029974025707661212,91
38,4.039400434494018,0.04032963658987389,0.0004009246826171875,0.000491033250319173,"['sigmoid', 'sigmoid', 'softmax']",0.01,0.001,"[100, 100, 2]","{'model__activations': ['sigmoid', 'sigmoid', 'softmax'], 'model__epsilon': 0.01, 'model__llambda': 0.001, 'model__n_hidden': [100, 100, 2]}",0.978021978021978,0.978021978021978,0.9230769230769231,0.989010989010989,0.967032967032967,0.9670329670329669,0.02305074391582749,62
39,3.021455764770508,0.03829040833234993,0.0008009910583496094,0.0005098593572254443,"['sigmoid', 'sigmoid', 'softmax']",0.01,0.01,"[25, 25, 2]","{'model__activations': ['sigmoid', 'sigmoid', 'softmax'], 'model__epsilon': 0.01, 'model__llambda': 0.01, 'model__n_hidden': [25, 25, 2]}",0.978021978021978,0.989010989010989,0.9230769230769231,0.967032967032967,0.989010989010989,0.9692307692307693,0.024473689506945142,40
40,3.316073942184448,0.013988377691319831,0.0011011600494384766,0.00020270406484686594,"['sigmoid', 'sigmoid', 'softmax']",0.01,0.01,"[50, 50, 2]","{'model__activations': ['sigmoid', 'sigmoid', 'softmax'], 'model__epsilon': 0.01, 'model__llambda': 0.01, 'model__n_hidden': [50, 50, 2]}",0.978021978021978,0.989010989010989,0.9230769230769231,0.978021978021978,0.989010989010989,0.9714285714285715,0.024670268484223778,27
41,4.040498113632202,0.01296099873179603,0.0005004405975341797,0.0004471293158825969,"['sigmoid', 'sigmoid', 'softmax']",0.01,0.01,"[100, 100, 2]","{'model__activations': ['sigmoid', 'sigmoid', 'softmax'], 'model__epsilon': 0.01, 'model__llambda': 0.01, 'model__n_hidden': [100, 100, 2]}",0.967032967032967,0.967032967032967,0.9230769230769231,0.989010989010989,0.967032967032967,0.9626373626373625,0.02153397576073123,91
42,3.042489433288574,0.023789270775186677,0.000607156753540039,0.000495869277182407,"['sigmoid', 'sigmoid', 'softmax']",0.01,0.1,"[25, 25, 2]","{'model__activations': ['sigmoid', 'sigmoid', 'softmax'], 'model__epsilon': 0.01, 'model__llambda': 0.1, 'model__n_hidden': [25, 25, 2]}",0.9230769230769231,0.978021978021978,0.9230769230769231,0.9560439560439561,0.989010989010989,0.9538461538461538,0.0272740080131667,118
43,3.3289177417755127,0.0572795544922239,0.0011026382446289063,0.00020018708625398307,"['sigmoid', 'sigmoid', 'softmax']",0.01,0.1,"[50, 50, 2]","{'model__activations': ['sigmoid', 'sigmoid', 'softmax'], 'model__epsilon': 0.01, 'model__llambda': 0.1, 'model__n_hidden': [50, 50, 2]}",0.9120879120879121,0.978021978021978,0.9230769230769231,1.0,0.989010989010989,0.9604395604395604,0.035845069077582614,101
44,4.037618112564087,0.021221124374447207,0.0010001659393310547,1.39020726557858e-06,"['sigmoid', 'sigmoid', 'softmax']",0.01,0.1,"[100, 100, 2]","{'model__activations': ['sigmoid', 'sigmoid', 'softmax'], 'model__epsilon': 0.01, 'model__llambda': 0.1, 'model__n_hidden': [100, 100, 2]}",0.9010989010989011,0.967032967032967,0.945054945054945,0.989010989010989,0.989010989010989,0.9582417582417582,0.03289369131229839,107
45,3.0529841423034667,0.03411137407776067,0.000599813461303711,0.0004897457332026785,"['sigmoid', 'sigmoid', 'softmax']",0.1,0.0,"[25, 25, 2]","{'model__activations': ['sigmoid', 'sigmoid', 'softmax'], 'model__epsilon': 0.1, 'model__llambda': 0, 'model__n_hidden': [25, 25, 2]}",0.9560439560439561,0.967032967032967,0.9230769230769231,0.989010989010989,0.978021978021978,0.9626373626373625,0.02262775855161977,91
46,3.330786180496216,0.028491430662462517,0.0007009506225585938,0.0006008548004229445,"['sigmoid', 'sigmoid', 'softmax']",0.1,0.0,"[50, 50, 2]","{'model__activations': ['sigmoid', 'sigmoid', 'softmax'], 'model__epsilon': 0.1, 'model__llambda': 0, 'model__n_hidden': [50, 50, 2]}",0.9560439560439561,0.967032967032967,0.9230769230769231,0.989010989010989,0.989010989010989,0.964835164835165,0.024473689506945145,68
47,4.029834127426147,0.014986682332920455,0.0011007308959960938,0.00020078351808525233,"['sigmoid', 'sigmoid', 'softmax']",0.1,0.0,"[100, 100, 2]","{'model__activations': ['sigmoid', 'sigmoid', 'softmax'], 'model__epsilon': 0.1, 'model__llambda': 0, 'model__n_hidden': [100, 100, 2]}",0.9560439560439561,0.978021978021978,0.9230769230769231,0.978021978021978,0.989010989010989,0.964835164835165,0.02346610604842044,68
48,3.073059892654419,0.038377211528378946,0.0,0.0,"['sigmoid', 'sigmoid', 'softmax']",0.1,0.0001,"[25, 25, 2]","{'model__activations': ['sigmoid', 'sigmoid', 'softmax'], 'model__epsilon': 0.1, 'model__llambda': 0.0001, 'model__n_hidden': [25, 25, 2]}",0.9560439560439561,0.967032967032967,0.9230769230769231,0.978021978021978,0.989010989010989,0.9626373626373628,0.022627758551619765,87
49,3.614551877975464,0.23353591971425872,0.0008013725280761718,0.00040069235000700593,"['sigmoid', 'sigmoid', 'softmax']",0.1,0.0001,"[50, 50, 2]","{'model__activations': ['sigmoid', 'sigmoid', 'softmax'], 'model__epsilon': 0.1, 'model__llambda': 0.0001, 'model__n_hidden': [50, 50, 2]}",0.9560439560439561,0.967032967032967,0.9230769230769231,0.978021978021978,0.989010989010989,0.9626373626373628,0.022627758551619765,87
50,4.359479236602783,0.3229176007798144,0.0006002902984619141,0.0004901392982419879,"['sigmoid', 'sigmoid', 'softmax']",0.1,0.0001,"[100, 100, 2]","{'model__activations': ['sigmoid', 'sigmoid', 'softmax'], 'model__epsilon': 0.1, 'model__llambda': 0.0001, 'model__n_hidden': [100, 100, 2]}",0.9560439560439561,0.967032967032967,0.9230769230769231,0.989010989010989,0.967032967032967,0.9604395604395604,0.021533975760731225,101
51,3.1941503047943116,0.09339613791991375,0.001001119613647461,1.2250168398537759e-06,"['sigmoid', 'sigmoid', 'softmax']",0.1,0.001,"[25, 25, 2]","{'model__activations': ['sigmoid', 'sigmoid', 'softmax'], 'model__epsilon': 0.1, 'model__llambda': 0.001, 'model__n_hidden': [25, 25, 2]}",0.967032967032967,0.978021978021978,0.9230769230769231,1.0,0.989010989010989,0.9714285714285715,0.026556144996911134,27
52,3.5815478801727294,0.2275859090757891,0.0009999752044677734,8.44957597096889e-07,"['sigmoid', 'sigmoid', 'softmax']",0.1,0.001,"[50, 50, 2]","{'model__activations': ['sigmoid', 'sigmoid', 'softmax'], 'model__epsilon': 0.1, 'model__llambda': 0.001, 'model__n_hidden': [50, 50, 2]}",0.978021978021978,0.978021978021978,0.9340659340659341,1.0,0.989010989010989,0.9758241758241759,0.02241327258722103,9
53,4.337953329086304,0.21727961540482504,0.0007995128631591797,0.00039975698258534954,"['sigmoid', 'sigmoid', 'softmax']",0.1,0.001,"[100, 100, 2]","{'model__activations': ['sigmoid', 'sigmoid', 'softmax'], 'model__epsilon': 0.1, 'model__llambda': 0.001, 'model__n_hidden': [100, 100, 2]}",0.967032967032967,0.989010989010989,0.9340659340659341,1.0,0.989010989010989,0.9758241758241759,0.023466106048420466,9
54,3.1522874355316164,0.025406304271024284,0.0009029865264892578,0.0004911231435365129,"['sigmoid', 'sigmoid', 'softmax']",0.1,0.01,"[25, 25, 2]","{'model__activations': ['sigmoid', 'sigmoid', 'softmax'], 'model__epsilon': 0.1, 'model__llambda': 0.01, 'model__n_hidden': [25, 25, 2]}",0.978021978021978,0.978021978021978,0.9230769230769231,0.9560439560439561,0.9560439560439561,0.9582417582417582,0.020143189867937727,107
55,3.6245099544525146,0.17733095069226246,0.0008187770843505859,0.0004109562449173865,"['sigmoid', 'sigmoid', 'softmax']",0.1,0.01,"[50, 50, 2]","{'model__activations': ['sigmoid', 'sigmoid', 'softmax'], 'model__epsilon': 0.1, 'model__llambda': 0.01, 'model__n_hidden': [50, 50, 2]}",0.9560439560439561,0.945054945054945,0.9230769230769231,0.989010989010989,0.9560439560439561,0.9538461538461538,0.021308482889742106,118
56,4.310015726089477,0.20827871070516318,0.0007004737854003906,0.0006007762359158794,"['sigmoid', 'sigmoid', 'softmax']",0.1,0.01,"[100, 100, 2]","{'model__activations': ['sigmoid', 'sigmoid', 'softmax'], 'model__epsilon': 0.1, 'model__llambda': 0.01, 'model__n_hidden': [100, 100, 2]}",0.9340659340659341,0.978021978021978,0.9340659340659341,1.0,0.8901098901098901,0.9472527472527471,0.03831999071244549,143
57,3.0392157077789306,0.034258477744432005,0.0007010936737060547,0.000601085507254101,"['sigmoid', 'sigmoid', 'softmax']",0.1,0.1,"[25, 25, 2]","{'model__activations': ['sigmoid', 'sigmoid', 'softmax'], 'model__epsilon': 0.1, 'model__llambda': 0.1, 'model__n_hidden': [25, 25, 2]}",0.945054945054945,0.978021978021978,0.9120879120879121,0.9340659340659341,0.9230769230769231,0.9384615384615385,0.022627758551619765,155
58,3.429565668106079,0.07091705136299187,0.0009005546569824218,0.0004906715850518893,"['sigmoid', 'sigmoid', 'softmax']",0.1,0.1,"[50, 50, 2]","{'model__activations': ['sigmoid', 'sigmoid', 'softmax'], 'model__epsilon': 0.1, 'model__llambda': 0.1, 'model__n_hidden': [50, 50, 2]}",0.9340659340659341,0.967032967032967,0.8791208791208791,0.9560439560439561,0.945054945054945,0.9362637362637363,0.030611842367437636,160
59,4.083252429962158,0.10330503219484438,0.0010017871856689454,1.7739367711771272e-06,"['sigmoid', 'sigmoid', 'softmax']",0.1,0.1,"[100, 100, 2]","{'model__activations': ['sigmoid', 'sigmoid', 'softmax'], 'model__epsilon': 0.1, 'model__llambda': 0.1, 'model__n_hidden': [100, 100, 2]}",0.9010989010989011,0.9560439560439561,0.945054945054945,0.9010989010989011,0.9120879120879121,0.923076923076923,0.02305074391582751,172
60,3.0260481357574465,0.05797919547312532,0.0006006717681884766,0.000490448554386248,"['relu', 'relu', 'softmax']",0.0001,0.0,"[25, 25, 2]","{'model__activations': ['relu', 'relu', 'softmax'], 'model__epsilon': 0.0001, 'model__llambda': 0, 'model__n_hidden': [25, 25, 2]}",0.8791208791208791,0.9560439560439561,0.9010989010989011,0.9340659340659341,0.9560439560439561,0.9252747252747253,0.030611842367437647,169
61,3.388826322555542,0.08787544611199354,0.0006008148193359375,0.0004905649838621613,"['relu', 'relu', 'softmax']",0.0001,0.0,"[50, 50, 2]","{'model__activations': ['relu', 'relu', 'softmax'], 'model__epsilon': 0.0001, 'model__llambda': 0, 'model__n_hidden': [50, 50, 2]}",0.9230769230769231,0.9230769230769231,0.9230769230769231,0.967032967032967,1.0,0.9472527472527472,0.03139089419139712,141
62,3.9667916297912598,0.006706181020830013,0.0003998279571533203,0.0004896872457665585,"['relu', 'relu', 'softmax']",0.0001,0.0,"[100, 100, 2]","{'model__activations': ['relu', 'relu', 'softmax'], 'model__epsilon': 0.0001, 'model__llambda': 0, 'model__n_hidden': [100, 100, 2]}",0.9120879120879121,0.967032967032967,0.9560439560439561,0.967032967032967,0.945054945054945,0.9494505494505494,0.020381579110979584,133
63,2.982309865951538,0.017951799933699643,0.000901031494140625,0.0004908664493659313,"['relu', 'relu', 'softmax']",0.0001,0.0001,"[25, 25, 2]","{'model__activations': ['relu', 'relu', 'softmax'], 'model__epsilon': 0.0001, 'model__llambda': 0.0001, 'model__n_hidden': [25, 25, 2]}",0.9120879120879121,0.9560439560439561,0.9230769230769231,0.945054945054945,0.967032967032967,0.9406593406593406,0.020381579110979573,151
64,3.2559006690979,0.00811305441873972,0.0006000041961669922,0.0004899014984783089,"['relu', 'relu', 'softmax']",0.0001,0.0001,"[50, 50, 2]","{'model__activations': ['relu', 'relu', 'softmax'], 'model__epsilon': 0.0001, 'model__llambda': 0.0001, 'model__n_hidden': [50, 50, 2]}",0.9230769230769231,0.9340659340659341,0.9340659340659341,0.945054945054945,0.978021978021978,0.9428571428571428,0.018906209378115636,146
65,4.019030046463013,0.04156720964720097,0.0007993221282958984,0.0003996621557545206,"['relu', 'relu', 'softmax']",0.0001,0.0001,"[100, 100, 2]","{'model__activations': ['relu', 'relu', 'softmax'], 'model__epsilon': 0.0001, 'model__llambda': 0.0001, 'model__n_hidden': [100, 100, 2]}",0.9560439560439561,0.967032967032967,0.9340659340659341,0.945054945054945,0.978021978021978,0.956043956043956,0.015540808377726312,111
66,3.002226972579956,0.02279424648086608,0.0006007194519042969,0.0004904867074718115,"['relu', 'relu', 'softmax']",0.0001,0.001,"[25, 25, 2]","{'model__activations': ['relu', 'relu', 'softmax'], 'model__epsilon': 0.0001, 'model__llambda': 0.001, 'model__n_hidden': [25, 25, 2]}",0.9120879120879121,0.945054945054945,0.9010989010989011,0.9560439560439561,0.967032967032967,0.9362637362637363,0.02544139978635215,160
67,3.2647822380065916,0.02965149183853732,0.0009999275207519531,0.0,"['relu', 'relu', 'softmax']",0.0001,0.001,"[50, 50, 2]","{'model__activations': ['relu', 'relu', 'softmax'], 'model__epsilon': 0.0001, 'model__llambda': 0.001, 'model__n_hidden': [50, 50, 2]}",0.945054945054945,0.945054945054945,0.945054945054945,0.967032967032967,0.9230769230769231,0.945054945054945,0.013900121583157697,144
68,3.977425289154053,0.02182840307702251,0.0006001949310302735,0.000490057302398763,"['relu', 'relu', 'softmax']",0.0001,0.001,"[100, 100, 2]","{'model__activations': ['relu', 'relu', 'softmax'], 'model__epsilon': 0.0001, 'model__llambda': 0.001, 'model__n_hidden': [100, 100, 2]}",0.989010989010989,0.967032967032967,0.9230769230769231,0.989010989010989,0.967032967032967,0.9670329670329672,0.024075716813413892,52
69,2.9606377124786376,0.020358672933907588,0.0006008625030517578,0.0004906038091752513,"['relu', 'relu', 'softmax']",0.0001,0.01,"[25, 25, 2]","{'model__activations': ['relu', 'relu', 'softmax'], 'model__epsilon': 0.0001, 'model__llambda': 0.01, 'model__n_hidden': [25, 25, 2]}",0.9010989010989011,0.9560439560439561,0.9120879120879121,0.8901098901098901,0.945054945054945,0.9208791208791208,0.025441399786352164,173
70,3.2379345417022707,0.02141009727027673,0.0009021282196044922,0.0004908489165984635,"['relu', 'relu', 'softmax']",0.0001,0.01,"[50, 50, 2]","{'model__activations': ['relu', 'relu', 'softmax'], 'model__epsilon': 0.0001, 'model__llambda': 0.01, 'model__n_hidden': [50, 50, 2]}",0.8901098901098901,0.9560439560439561,0.9010989010989011,0.945054945054945,0.945054945054945,0.9274725274725275,0.02655614499691116,165
71,3.9797951221466064,0.052200909318741565,0.0005997180938720703,0.0004896678969917535,"['relu', 'relu', 'softmax']",0.0001,0.01,"[100, 100, 2]","{'model__activations': ['relu', 'relu', 'softmax'], 'model__epsilon': 0.0001, 'model__llambda': 0.01, 'model__n_hidden': [100, 100, 2]}",0.9340659340659341,0.967032967032967,0.9230769230769231,0.967032967032967,0.9560439560439561,0.9494505494505494,0.017855029460738362,133
72,2.994892644882202,0.013328521639738824,0.0,0.0,"['relu', 'relu', 'softmax']",0.0001,0.1,"[25, 25, 2]","{'model__activations': ['relu', 'relu', 'softmax'], 'model__epsilon': 0.0001, 'model__llambda': 0.1, 'model__n_hidden': [25, 25, 2]}",0.9230769230769231,0.945054945054945,0.9120879120879121,0.9230769230769231,0.989010989010989,0.9384615384615385,0.027450540652300657,155
73,3.245496416091919,0.017385272803610487,0.00039997100830078123,0.0004898625339533384,"['relu', 'relu', 'softmax']",0.0001,0.1,"[50, 50, 2]","{'model__activations': ['relu', 'relu', 'softmax'], 'model__epsilon': 0.0001, 'model__llambda': 0.1, 'model__n_hidden': [50, 50, 2]}",0.978021978021978,0.9560439560439561,0.9120879120879121,0.9560439560439561,0.978021978021978,0.956043956043956,0.024075716813413892,111
74,3.9758230686187743,0.019169134606847143,0.0006007194519042969,0.000490487379644163,"['relu', 'relu', 'softmax']",0.0001,0.1,"[100, 100, 2]","{'model__activations': ['relu', 'relu', 'softmax'], 'model__epsilon': 0.0001, 'model__llambda': 0.1, 'model__n_hidden': [100, 100, 2]}",0.9340659340659341,0.967032967032967,0.9340659340659341,0.9560439560439561,0.967032967032967,0.9516483516483516,0.014906219743132458,122
75,3.011228656768799,0.026120066918261773,0.0010015010833740235,1.9867579132079753e-06,"['relu', 'relu', 'softmax']",0.001,0.0,"[25, 25, 2]","{'model__activations': ['relu', 'relu', 'softmax'], 'model__epsilon': 0.001, 'model__llambda': 0, 'model__n_hidden': [25, 25, 2]}",0.978021978021978,0.978021978021978,0.9340659340659341,0.9560439560439561,0.978021978021978,0.9648351648351647,0.017582417582417558,78
76,3.2510640621185303,0.02876797250877835,0.0012018680572509766,0.0002466449131403261,"['relu', 'relu', 'softmax']",0.001,0.0,"[50, 50, 2]","{'model__activations': ['relu', 'relu', 'softmax'], 'model__epsilon': 0.001, 'model__llambda': 0, 'model__n_hidden': [50, 50, 2]}",0.9560439560439561,0.978021978021978,0.9340659340659341,0.978021978021978,0.989010989010989,0.9670329670329672,0.019657740461536607,52
77,3.9951502323150634,0.032529634894289464,0.0007999420166015625,0.0003999712641146255,"['relu', 'relu', 'softmax']",0.001,0.0,"[100, 100, 2]","{'model__activations': ['relu', 'relu', 'softmax'], 'model__epsilon': 0.001, 'model__llambda': 0, 'model__n_hidden': [100, 100, 2]}",0.967032967032967,0.989010989010989,0.9340659340659341,0.978021978021978,0.989010989010989,0.9714285714285715,0.020381579110979577,27
78,2.9769734859466555,0.016896700750995777,0.0008014678955078125,0.00040073721025092997,"['relu', 'relu', 'softmax']",0.001,0.0001,"[25, 25, 2]","{'model__activations': ['relu', 'relu', 'softmax'], 'model__epsilon': 0.001, 'model__llambda': 0.0001, 'model__n_hidden': [25, 25, 2]}",0.978021978021978,0.978021978021978,0.9230769230769231,0.989010989010989,0.978021978021978,0.9692307692307691,0.02346610604842044,49
79,3.2948756217956543,0.13300709952949405,0.0009013175964355469,0.00019877170705955585,"['relu', 'relu', 'softmax']",0.001,0.0001,"[50, 50, 2]","{'model__activations': ['relu', 'relu', 'softmax'], 'model__epsilon': 0.001, 'model__llambda': 0.0001, 'model__n_hidden': [50, 50, 2]}",0.978021978021978,0.978021978021978,0.945054945054945,1.0,1.0,0.9802197802197803,0.02014318986793777,1
80,4.005379962921142,0.13243223814597718,0.0006002902984619141,0.0004901349839899056,"['relu', 'relu', 'softmax']",0.001,0.0001,"[100, 100, 2]","{'model__activations': ['relu', 'relu', 'softmax'], 'model__epsilon': 0.001, 'model__llambda': 0.0001, 'model__n_hidden': [100, 100, 2]}",0.967032967032967,0.978021978021978,0.9340659340659341,1.0,0.989010989010989,0.9736263736263737,0.02262775855161978,13
81,2.889692687988281,0.07716003584346562,0.0008016586303710938,0.0004008314423977744,"['relu', 'relu', 'softmax']",0.001,0.001,"[25, 25, 2]","{'model__activations': ['relu', 'relu', 'softmax'], 'model__epsilon': 0.001, 'model__llambda': 0.001, 'model__n_hidden': [25, 25, 2]}",0.989010989010989,0.978021978021978,0.9340659340659341,0.978021978021978,0.989010989010989,0.9736263736263737,0.020381579110979573,13
82,3.2419708251953123,0.22943844527302562,0.000501251220703125,0.0006344092618443732,"['relu', 'relu', 'softmax']",0.001,0.001,"[50, 50, 2]","{'model__activations': ['relu', 'relu', 'softmax'], 'model__epsilon': 0.001, 'model__llambda': 0.001, 'model__n_hidden': [50, 50, 2]}",0.967032967032967,0.978021978021978,0.9230769230769231,0.989010989010989,0.989010989010989,0.9692307692307693,0.024473689506945145,40
83,3.994405221939087,0.16058779493111913,0.001000690460205078,1.2006452857984707e-06,"['relu', 'relu', 'softmax']",0.001,0.001,"[100, 100, 2]","{'model__activations': ['relu', 'relu', 'softmax'], 'model__epsilon': 0.001, 'model__llambda': 0.001, 'model__n_hidden': [100, 100, 2]}",0.978021978021978,0.978021978021978,0.9340659340659341,0.989010989010989,0.989010989010989,0.9736263736263737,0.020381579110979573,13
84,3.001519775390625,0.061345021105410014,0.0008005142211914062,0.0004002587295892132,"['relu', 'relu', 'softmax']",0.001,0.01,"[25, 25, 2]","{'model__activations': ['relu', 'relu', 'softmax'], 'model__epsilon': 0.001, 'model__llambda': 0.01, 'model__n_hidden': [25, 25, 2]}",0.967032967032967,0.989010989010989,0.945054945054945,1.0,0.989010989010989,0.9780219780219781,0.01965774046153663,5
85,3.327605962753296,0.0937391033500283,0.0010007858276367188,1.4273290202232138e-06,"['relu', 'relu', 'softmax']",0.001,0.01,"[50, 50, 2]","{'model__activations': ['relu', 'relu', 'softmax'], 'model__epsilon': 0.001, 'model__llambda': 0.01, 'model__n_hidden': [50, 50, 2]}",0.978021978021978,0.978021978021978,0.945054945054945,0.989010989010989,0.989010989010989,0.9758241758241759,0.016150481820548446,9
86,4.106097984313965,0.058612697347673784,0.0006000995635986328,0.000489979334704009,"['relu', 'relu', 'softmax']",0.001,0.01,"[100, 100, 2]","{'model__activations': ['relu', 'relu', 'softmax'], 'model__epsilon': 0.001, 'model__llambda': 0.01, 'model__n_hidden': [100, 100, 2]}",0.967032967032967,0.978021978021978,0.9230769230769231,0.989010989010989,0.978021978021978,0.9670329670329669,0.02305074391582749,62
87,3.200478506088257,0.18433069639130348,0.0008014202117919922,0.0005102167976226223,"['relu', 'relu', 'softmax']",0.001,0.1,"[25, 25, 2]","{'model__activations': ['relu', 'relu', 'softmax'], 'model__epsilon': 0.001, 'model__llambda': 0.1, 'model__n_hidden': [25, 25, 2]}",0.9120879120879121,0.978021978021978,0.9340659340659341,0.9560439560439561,0.989010989010989,0.9538461538461538,0.028145601043660883,118
88,3.4692946434020997,0.05039333082286979,0.0011008262634277343,0.00020096326782278301,"['relu', 'relu', 'softmax']",0.001,0.1,"[50, 50, 2]","{'model__activations': ['relu', 'relu', 'softmax'], 'model__epsilon': 0.001, 'model__llambda': 0.1, 'model__n_hidden': [50, 50, 2]}",0.9120879120879121,0.978021978021978,0.945054945054945,0.9560439560439561,0.978021978021978,0.9538461538461538,0.02447368950694515,118
89,3.9882399082183837,0.14141104500470617,0.0006008625030517578,0.0004906038091752513,"['relu', 'relu', 'softmax']",0.001,0.1,"[100, 100, 2]","{'model__activations': ['relu', 'relu', 'softmax'], 'model__epsilon': 0.001, 'model__llambda': 0.1, 'model__n_hidden': [100, 100, 2]}",0.9120879120879121,0.978021978021978,0.945054945054945,0.9560439560439561,0.967032967032967,0.9516483516483516,0.022627758551619786,122
90,2.938424253463745,0.04020254775429422,0.0009004116058349609,0.0004904470244922509,"['relu', 'relu', 'softmax']",0.01,0.0,"[25, 25, 2]","{'model__activations': ['relu', 'relu', 'softmax'], 'model__epsilon': 0.01, 'model__llambda': 0, 'model__n_hidden': [25, 25, 2]}",0.945054945054945,0.978021978021978,0.9230769230769231,0.978021978021978,0.989010989010989,0.9626373626373625,0.024670268484223778,91
91,3.1990200519561767,0.03943631079191672,0.000599813461303711,0.0004897457099892367,"['relu', 'relu', 'softmax']",0.01,0.0,"[50, 50, 2]","{'model__activations': ['relu', 'relu', 'softmax'], 'model__epsilon': 0.01, 'model__llambda': 0, 'model__n_hidden': [50, 50, 2]}",0.967032967032967,0.978021978021978,0.9340659340659341,0.989010989010989,1.0,0.9736263736263737,0.02262775855161978,13
92,3.8670751571655275,0.03633368308841813,0.0007999420166015625,0.0003999712641146255,"['relu', 'relu', 'softmax']",0.01,0.0,"[100, 100, 2]","{'model__activations': ['relu', 'relu', 'softmax'], 'model__epsilon': 0.01, 'model__llambda': 0, 'model__n_hidden': [100, 100, 2]}",0.967032967032967,0.978021978021978,0.9230769230769231,0.967032967032967,1.0,0.9670329670329672,0.025058800551629384,52
93,2.915413808822632,0.023366890537806887,0.0009016036987304687,0.0004908884327649098,"['relu', 'relu', 'softmax']",0.01,0.0001,"[25, 25, 2]","{'model__activations': ['relu', 'relu', 'softmax'], 'model__epsilon': 0.01, 'model__llambda': 0.0001, 'model__n_hidden': [25, 25, 2]}",0.978021978021978,0.978021978021978,0.9230769230769231,0.989010989010989,1.0,0.9736263736263737,0.02655614499691113,13
94,3.39808931350708,0.17097125152367842,0.0008000850677490235,0.00040004265820625033,"['relu', 'relu', 'softmax']",0.01,0.0001,"[50, 50, 2]","{'model__activations': ['relu', 'relu', 'softmax'], 'model__epsilon': 0.01, 'model__llambda': 0.0001, 'model__n_hidden': [50, 50, 2]}",0.9560439560439561,0.967032967032967,0.9230769230769231,0.989010989010989,0.989010989010989,0.964835164835165,0.024473689506945145,68
95,4.014600324630737,0.14085398748889194,0.0005999565124511719,0.0004898625107454316,"['relu', 'relu', 'softmax']",0.01,0.0001,"[100, 100, 2]","{'model__activations': ['relu', 'relu', 'softmax'], 'model__epsilon': 0.01, 'model__llambda': 0.0001, 'model__n_hidden': [100, 100, 2]}",0.9560439560439561,0.978021978021978,0.9230769230769231,0.989010989010989,0.989010989010989,0.9670329670329672,0.025058800551629394,52
96,2.9168020725250243,0.06942535250603078,0.0011007308959960938,0.00020124920029418952,"['relu', 'relu', 'softmax']",0.01,0.001,"[25, 25, 2]","{'model__activations': ['relu', 'relu', 'softmax'], 'model__epsilon': 0.01, 'model__llambda': 0.001, 'model__n_hidden': [25, 25, 2]}",0.9340659340659341,0.978021978021978,0.9230769230769231,0.978021978021978,0.989010989010989,0.9604395604395604,0.02655614499691113,101
97,3.4049582481384277,0.13123267682985068,0.0005009651184082031,0.00044718569181094323,"['relu', 'relu', 'softmax']",0.01,0.001,"[50, 50, 2]","{'model__activations': ['relu', 'relu', 'softmax'], 'model__epsilon': 0.01, 'model__llambda': 0.001, 'model__n_hidden': [50, 50, 2]}",0.978021978021978,0.978021978021978,0.9230769230769231,0.989010989010989,0.989010989010989,0.9714285714285715,0.024670268484223778,27
98,4.270032739639282,0.08403445845687552,0.0007019996643066406,0.00040085693970305994,"['relu', 'relu', 'softmax']",0.01,0.001,"[100, 100, 2]","{'model__activations': ['relu', 'relu', 'softmax'], 'model__epsilon': 0.01, 'model__llambda': 0.001, 'model__n_hidden': [100, 100, 2]}",0.9560439560439561,0.978021978021978,0.9230769230769231,0.978021978021978,0.989010989010989,0.964835164835165,0.02346610604842044,68
99,3.151668882369995,0.12760096560568393,0.0005014896392822266,0.00044793222255455736,"['relu', 'relu', 'softmax']",0.01,0.01,"[25, 25, 2]","{'model__activations': ['relu', 'relu', 'softmax'], 'model__epsilon': 0.01, 'model__llambda': 0.01, 'model__n_hidden': [25, 25, 2]}",0.978021978021978,0.989010989010989,0.9230769230769231,1.0,0.989010989010989,0.9758241758241759,0.027274008013166703,9
100,3.4323160648345947,0.061849060275246476,0.0010004520416259765,4.101908334275545e-07,"['relu', 'relu', 'softmax']",0.01,0.01,"[50, 50, 2]","{'model__activations': ['relu', 'relu', 'softmax'], 'model__epsilon': 0.01, 'model__llambda': 0.01, 'model__n_hidden': [50, 50, 2]}",0.9560439560439561,0.989010989010989,0.9230769230769231,0.989010989010989,0.989010989010989,0.9692307692307693,0.02637362637362637,40
101,3.9691213607788085,0.08054984535434566,0.0008081436157226562,0.0004043650682733447,"['relu', 'relu', 'softmax']",0.01,0.01,"[100, 100, 2]","{'model__activations': ['relu', 'relu', 'softmax'], 'model__epsilon': 0.01, 'model__llambda': 0.01, 'model__n_hidden': [100, 100, 2]}",0.978021978021978,0.989010989010989,0.9230769230769231,0.9560439560439561,0.9230769230769231,0.953846153846154,0.0272740080131667,117
102,3.1249111175537108,0.05063083519486845,0.0008014202117919922,0.00040072217417420214,"['relu', 'relu', 'softmax']",0.01,0.1,"[25, 25, 2]","{'model__activations': ['relu', 'relu', 'softmax'], 'model__epsilon': 0.01, 'model__llambda': 0.1, 'model__n_hidden': [25, 25, 2]}",0.9120879120879121,0.978021978021978,0.9230769230769231,0.9340659340659341,0.967032967032967,0.9428571428571428,0.025441399786352136,146
103,3.2900015354156493,0.14251765950041104,0.0007999897003173828,0.0003999971629983867,"['relu', 'relu', 'softmax']",0.01,0.1,"[50, 50, 2]","{'model__activations': ['relu', 'relu', 'softmax'], 'model__epsilon': 0.01, 'model__llambda': 0.1, 'model__n_hidden': [50, 50, 2]}",0.9230769230769231,0.978021978021978,0.9120879120879121,0.9560439560439561,0.989010989010989,0.9516483516483516,0.029974025707661223,122
104,3.9453269958496096,0.057782963103956274,0.0010999679565429688,0.0002010365251700671,"['relu', 'relu', 'softmax']",0.01,0.1,"[100, 100, 2]","{'model__activations': ['relu', 'relu', 'softmax'], 'model__epsilon': 0.01, 'model__llambda': 0.1, 'model__n_hidden': [100, 100, 2]}",0.9230769230769231,0.978021978021978,0.9560439560439561,0.9010989010989011,0.9340659340659341,0.9384615384615385,0.02655614499691113,155
105,3.046877717971802,0.018957348422713044,0.0007999897003173828,0.0003999949176611146,"['relu', 'relu', 'softmax']",0.1,0.0,"[25, 25, 2]","{'model__activations': ['relu', 'relu', 'softmax'], 'model__epsilon': 0.1, 'model__llambda': 0, 'model__n_hidden': [25, 25, 2]}",0.967032967032967,0.9560439560439561,0.9230769230769231,0.989010989010989,0.989010989010989,0.964835164835165,0.024473689506945145,68
106,3.2937281131744385,0.148860231742497,0.00059967041015625,0.0004896288627950879,"['relu', 'relu', 'softmax']",0.1,0.0,"[50, 50, 2]","{'model__activations': ['relu', 'relu', 'softmax'], 'model__epsilon': 0.1, 'model__llambda': 0, 'model__n_hidden': [50, 50, 2]}",0.967032967032967,0.967032967032967,0.9230769230769231,0.978021978021978,0.989010989010989,0.964835164835165,0.022413272587221016,68
107,3.907140016555786,0.029458424660047416,0.0006002902984619141,0.0004901360509590089,"['relu', 'relu', 'softmax']",0.1,0.0,"[100, 100, 2]","{'model__activations': ['relu', 'relu', 'softmax'], 'model__epsilon': 0.1, 'model__llambda': 0, 'model__n_hidden': [100, 100, 2]}",0.9560439560439561,0.967032967032967,0.9230769230769231,0.978021978021978,0.978021978021978,0.9604395604395604,0.020381579110979535,101
108,3.025340461730957,0.08136191982812112,0.0006003856658935546,0.0004902129130140637,"['relu', 'relu', 'softmax']",0.1,0.0001,"[25, 25, 2]","{'model__activations': ['relu', 'relu', 'softmax'], 'model__epsilon': 0.1, 'model__llambda': 0.0001, 'model__n_hidden': [25, 25, 2]}",0.967032967032967,0.967032967032967,0.9230769230769231,0.967032967032967,0.989010989010989,0.9626373626373628,0.021533975760731225,87
109,3.4239272594451906,0.1521299410945345,0.000999593734741211,7.77697869791989e-07,"['relu', 'relu', 'softmax']",0.1,0.0001,"[50, 50, 2]","{'model__activations': ['relu', 'relu', 'softmax'], 'model__epsilon': 0.1, 'model__llambda': 0.0001, 'model__n_hidden': [50, 50, 2]}",0.9560439560439561,0.978021978021978,0.9230769230769231,0.989010989010989,0.989010989010989,0.9670329670329672,0.025058800551629394,52
110,4.110631370544434,0.14908416884546147,0.001101207733154297,0.00020089616346785733,"['relu', 'relu', 'softmax']",0.1,0.0001,"[100, 100, 2]","{'model__activations': ['relu', 'relu', 'softmax'], 'model__epsilon': 0.1, 'model__llambda': 0.0001, 'model__n_hidden': [100, 100, 2]}",0.967032967032967,0.9560439560439561,0.9230769230769231,0.989010989010989,0.978021978021978,0.9626373626373625,0.02262775855161977,91
111,2.957614231109619,0.04822958739475941,0.0008007526397705078,0.0004003773811468015,"['relu', 'relu', 'softmax']",0.1,0.001,"[25, 25, 2]","{'model__activations': ['relu', 'relu', 'softmax'], 'model__epsilon': 0.1, 'model__llambda': 0.001, 'model__n_hidden': [25, 25, 2]}",0.978021978021978,0.978021978021978,0.9230769230769231,0.989010989010989,0.989010989010989,0.9714285714285715,0.024670268484223778,27
112,3.251578187942505,0.01775030025596161,0.00080108642578125,0.00040054426306632287,"['relu', 'relu', 'softmax']",0.1,0.001,"[50, 50, 2]","{'model__activations': ['relu', 'relu', 'softmax'], 'model__epsilon': 0.1, 'model__llambda': 0.001, 'model__n_hidden': [50, 50, 2]}",0.978021978021978,0.978021978021978,0.9230769230769231,0.989010989010989,1.0,0.9736263736263737,0.02655614499691113,13
113,4.275333023071289,0.059734750625012364,0.0010011672973632812,1.7219038090961255e-06,"['relu', 'relu', 'softmax']",0.1,0.001,"[100, 100, 2]","{'model__activations': ['relu', 'relu', 'softmax'], 'model__epsilon': 0.1, 'model__llambda': 0.001, 'model__n_hidden': [100, 100, 2]}",0.978021978021978,0.978021978021978,0.9230769230769231,0.989010989010989,0.978021978021978,0.9692307692307691,0.02346610604842044,49
114,2.9890096187591553,0.05028162253774346,0.0008002758026123047,0.0004001387074934093,"['relu', 'relu', 'softmax']",0.1,0.01,"[25, 25, 2]","{'model__activations': ['relu', 'relu', 'softmax'], 'model__epsilon': 0.1, 'model__llambda': 0.01, 'model__n_hidden': [25, 25, 2]}",0.978021978021978,0.967032967032967,0.9560439560439561,1.0,0.9560439560439561,0.9714285714285713,0.016446845656149175,39
115,3.237890672683716,0.03774785058843382,0.0006005764007568359,0.0004903705793479951,"['relu', 'relu', 'softmax']",0.1,0.01,"[50, 50, 2]","{'model__activations': ['relu', 'relu', 'softmax'], 'model__epsilon': 0.1, 'model__llambda': 0.01, 'model__n_hidden': [50, 50, 2]}",0.945054945054945,0.967032967032967,0.9340659340659341,0.989010989010989,0.989010989010989,0.9648351648351647,0.02241327258722105,78
116,3.9619228839874268,0.08128224274804809,0.0006009101867675781,0.0004906425109267835,"['relu', 'relu', 'softmax']",0.1,0.01,"[100, 100, 2]","{'model__activations': ['relu', 'relu', 'softmax'], 'model__epsilon': 0.1, 'model__llambda': 0.01, 'model__n_hidden': [100, 100, 2]}",0.8791208791208791,0.978021978021978,0.9120879120879121,0.989010989010989,0.945054945054945,0.9406593406593406,0.04088148403898523,151
117,2.948380947113037,0.0461028318522399,0.0010026454925537109,0.0005496872703010937,"['relu', 'relu', 'softmax']",0.1,0.1,"[25, 25, 2]","{'model__activations': ['relu', 'relu', 'softmax'], 'model__epsilon': 0.1, 'model__llambda': 0.1, 'model__n_hidden': [25, 25, 2]}",0.9230769230769231,0.967032967032967,0.9120879120879121,0.8901098901098901,0.9120879120879121,0.9208791208791208,0.025441399786352164,173
118,3.225111722946167,0.02211111779795728,0.0007011890411376953,0.0006011734376596994,"['relu', 'relu', 'softmax']",0.1,0.1,"[50, 50, 2]","{'model__activations': ['relu', 'relu', 'softmax'], 'model__epsilon': 0.1, 'model__llambda': 0.1, 'model__n_hidden': [50, 50, 2]}",0.9230769230769231,0.9560439560439561,0.9340659340659341,0.8901098901098901,0.989010989010989,0.9384615384615383,0.033040211820599824,159
119,4.246873807907105,0.28556837545013863,0.0010006427764892578,2.205855084652019e-06,"['relu', 'relu', 'softmax']",0.1,0.1,"[100, 100, 2]","{'model__activations': ['relu', 'relu', 'softmax'], 'model__epsilon': 0.1, 'model__llambda': 0.1, 'model__n_hidden': [100, 100, 2]}",0.9230769230769231,0.967032967032967,0.8791208791208791,0.8791208791208791,0.9120879120879121,0.9120879120879121,0.032598674668552374,178
120,3.14254469871521,0.016076121709839873,0.0006000041961669922,0.0004899015216843688,"['elu', 'elu', 'softmax']",0.0001,0.0,"[25, 25, 2]","{'model__activations': ['elu', 'elu', 'softmax'], 'model__epsilon': 0.0001, 'model__llambda': 0, 'model__n_hidden': [25, 25, 2]}",0.9560439560439561,0.945054945054945,0.9230769230769231,0.9340659340659341,0.9560439560439561,0.9428571428571428,0.01281527888976989,146
121,3.3575589656829834,0.06301633117403682,0.0006003379821777344,0.0004901761673119133,"['elu', 'elu', 'softmax']",0.0001,0.0,"[50, 50, 2]","{'model__activations': ['elu', 'elu', 'softmax'], 'model__epsilon': 0.0001, 'model__llambda': 0, 'model__n_hidden': [50, 50, 2]}",0.9120879120879121,0.9560439560439561,0.9560439560439561,0.967032967032967,0.9560439560439561,0.9494505494505494,0.01915999535622276,133
122,4.267628192901611,0.10500488411178269,0.0010012149810791015,1.8989856483211402e-06,"['elu', 'elu', 'softmax']",0.0001,0.0,"[100, 100, 2]","{'model__activations': ['elu', 'elu', 'softmax'], 'model__epsilon': 0.0001, 'model__llambda': 0, 'model__n_hidden': [100, 100, 2]}",0.9560439560439561,0.945054945054945,0.9230769230769231,0.967032967032967,0.967032967032967,0.9516483516483516,0.01644684565614918,122
123,3.0985934257507326,0.13586311639812076,0.0009999275207519531,1.1182822608526778e-06,"['elu', 'elu', 'softmax']",0.0001,0.0001,"[25, 25, 2]","{'model__activations': ['elu', 'elu', 'softmax'], 'model__epsilon': 0.0001, 'model__llambda': 0.0001, 'model__n_hidden': [25, 25, 2]}",0.967032967032967,0.9230769230769231,0.9230769230769231,0.9560439560439561,0.9560439560439561,0.945054945054945,0.01838813245129835,144
124,3.300118827819824,0.05256758515445481,0.0006338119506835938,0.0005212147424712886,"['elu', 'elu', 'softmax']",0.0001,0.0001,"[50, 50, 2]","{'model__activations': ['elu', 'elu', 'softmax'], 'model__epsilon': 0.0001, 'model__llambda': 0.0001, 'model__n_hidden': [50, 50, 2]}",0.945054945054945,0.9560439560439561,0.9230769230769231,0.978021978021978,0.945054945054945,0.9494505494505494,0.017855029460738355,133
125,4.140045928955078,0.0806895243483174,0.0010001659393310547,5.223489356090222e-07,"['elu', 'elu', 'softmax']",0.0001,0.0001,"[100, 100, 2]","{'model__activations': ['elu', 'elu', 'softmax'], 'model__epsilon': 0.0001, 'model__llambda': 0.0001, 'model__n_hidden': [100, 100, 2]}",0.945054945054945,0.945054945054945,0.9340659340659341,0.945054945054945,0.989010989010989,0.9516483516483516,0.01915999535622276,122
126,3.0698172569274904,0.07755519858007104,0.00040078163146972656,0.0004908569210677473,"['elu', 'elu', 'softmax']",0.0001,0.001,"[25, 25, 2]","{'model__activations': ['elu', 'elu', 'softmax'], 'model__epsilon': 0.0001, 'model__llambda': 0.001, 'model__n_hidden': [25, 25, 2]}",0.8901098901098901,0.9560439560439561,0.8791208791208791,0.9120879120879121,0.945054945054945,0.9164835164835164,0.02997402570766124,176
127,3.5285674571990966,0.1454930742187877,0.0005995750427246094,0.0004895510730258258,"['elu', 'elu', 'softmax']",0.0001,0.001,"[50, 50, 2]","{'model__activations': ['elu', 'elu', 'softmax'], 'model__epsilon': 0.0001, 'model__llambda': 0.001, 'model__n_hidden': [50, 50, 2]}",0.9120879120879121,0.967032967032967,0.9010989010989011,0.9560439560439561,0.967032967032967,0.9406593406593406,0.028316700498296984,151
128,4.140514898300171,0.02501456759659563,0.0005996227264404297,0.0004895901227128668,"['elu', 'elu', 'softmax']",0.0001,0.001,"[100, 100, 2]","{'model__activations': ['elu', 'elu', 'softmax'], 'model__epsilon': 0.0001, 'model__llambda': 0.001, 'model__n_hidden': [100, 100, 2]}",0.967032967032967,0.967032967032967,0.9560439560439561,0.978021978021978,0.989010989010989,0.9714285714285715,0.011206636293610512,27
129,3.122162866592407,0.021281357206743776,0.0007997035980224609,0.0003998520086989724,"['elu', 'elu', 'softmax']",0.0001,0.01,"[25, 25, 2]","{'model__activations': ['elu', 'elu', 'softmax'], 'model__epsilon': 0.0001, 'model__llambda': 0.01, 'model__n_hidden': [25, 25, 2]}",0.9010989010989011,0.9560439560439561,0.9120879120879121,0.9340659340659341,0.978021978021978,0.9362637362637363,0.02814560104366087,160
130,3.294805479049683,0.023671838048430174,0.0006008625030517578,0.0004906034847553784,"['elu', 'elu', 'softmax']",0.0001,0.01,"[50, 50, 2]","{'model__activations': ['elu', 'elu', 'softmax'], 'model__epsilon': 0.0001, 'model__llambda': 0.01, 'model__n_hidden': [50, 50, 2]}",0.945054945054945,0.978021978021978,0.9230769230769231,0.967032967032967,0.967032967032967,0.956043956043956,0.01965774046153659,111
131,4.019959402084351,0.04529761346863464,0.0009179115295410156,0.00020922835334659701,"['elu', 'elu', 'softmax']",0.0001,0.01,"[100, 100, 2]","{'model__activations': ['elu', 'elu', 'softmax'], 'model__epsilon': 0.0001, 'model__llambda': 0.01, 'model__n_hidden': [100, 100, 2]}",0.967032967032967,0.967032967032967,0.945054945054945,0.989010989010989,0.967032967032967,0.9670329670329669,0.013900121583157732,62
132,2.9857937335968017,0.01698969577799042,0.0009022235870361328,0.0005839785838704662,"['elu', 'elu', 'softmax']",0.0001,0.1,"[25, 25, 2]","{'model__activations': ['elu', 'elu', 'softmax'], 'model__epsilon': 0.0001, 'model__llambda': 0.1, 'model__n_hidden': [25, 25, 2]}",0.9230769230769231,0.9560439560439561,0.8461538461538461,0.9340659340659341,0.9120879120879121,0.9142857142857144,0.037038020980995,177
133,3.283066654205322,0.018929066354258194,0.000800180435180664,0.0004000905123989664,"['elu', 'elu', 'softmax']",0.0001,0.1,"[50, 50, 2]","{'model__activations': ['elu', 'elu', 'softmax'], 'model__epsilon': 0.0001, 'model__llambda': 0.1, 'model__n_hidden': [50, 50, 2]}",0.9120879120879121,0.967032967032967,0.9010989010989011,0.9560439560439561,0.967032967032967,0.9406593406593406,0.028316700498296984,151
134,4.048832511901855,0.0776320722815253,0.0009006023406982422,0.0004904371032456593,"['elu', 'elu', 'softmax']",0.0001,0.1,"[100, 100, 2]","{'model__activations': ['elu', 'elu', 'softmax'], 'model__epsilon': 0.0001, 'model__llambda': 0.1, 'model__n_hidden': [100, 100, 2]}",0.9010989010989011,0.967032967032967,0.9340659340659341,0.989010989010989,1.0,0.9582417582417582,0.03638009968625681,107
135,2.9827107429504394,0.03156764561940021,0.0008001327514648438,0.0004000664609833946,"['elu', 'elu', 'softmax']",0.001,0.0,"[25, 25, 2]","{'model__activations': ['elu', 'elu', 'softmax'], 'model__epsilon': 0.001, 'model__llambda': 0, 'model__n_hidden': [25, 25, 2]}",0.967032967032967,0.978021978021978,0.9340659340659341,1.0,0.989010989010989,0.9736263736263737,0.02262775855161978,13
136,3.2359469413757322,0.04610503037644205,0.0007006168365478515,0.0006009273688543811,"['elu', 'elu', 'softmax']",0.001,0.0,"[50, 50, 2]","{'model__activations': ['elu', 'elu', 'softmax'], 'model__epsilon': 0.001, 'model__llambda': 0, 'model__n_hidden': [50, 50, 2]}",0.989010989010989,0.978021978021978,0.945054945054945,1.0,0.989010989010989,0.9802197802197803,0.01890620937811568,1
137,4.161311340332031,0.17574956005858988,0.0010015487670898438,1.933396809836702e-06,"['elu', 'elu', 'softmax']",0.001,0.0,"[100, 100, 2]","{'model__activations': ['elu', 'elu', 'softmax'], 'model__epsilon': 0.001, 'model__llambda': 0, 'model__n_hidden': [100, 100, 2]}",0.9340659340659341,0.978021978021978,0.945054945054945,1.0,0.989010989010989,0.9692307692307691,0.02544139978635215,49
138,3.1509480476379395,0.13004511550533723,0.0010002613067626952,1.319728136358075e-06,"['elu', 'elu', 'softmax']",0.001,0.0001,"[25, 25, 2]","{'model__activations': ['elu', 'elu', 'softmax'], 'model__epsilon': 0.001, 'model__llambda': 0.0001, 'model__n_hidden': [25, 25, 2]}",0.989010989010989,0.967032967032967,0.9340659340659341,0.989010989010989,0.989010989010989,0.9736263736263737,0.02153397576073125,13
139,3.257222080230713,0.037687963211205947,0.0007005691528320313,0.0006007438685894385,"['elu', 'elu', 'softmax']",0.001,0.0001,"[50, 50, 2]","{'model__activations': ['elu', 'elu', 'softmax'], 'model__epsilon': 0.001, 'model__llambda': 0.0001, 'model__n_hidden': [50, 50, 2]}",0.989010989010989,0.978021978021978,0.945054945054945,0.978021978021978,0.978021978021978,0.9736263736263737,0.014906219743132467,13
140,4.04315710067749,0.1638734761034797,0.0009011268615722656,0.0004907391708697542,"['elu', 'elu', 'softmax']",0.001,0.0001,"[100, 100, 2]","{'model__activations': ['elu', 'elu', 'softmax'], 'model__epsilon': 0.001, 'model__llambda': 0.0001, 'model__n_hidden': [100, 100, 2]}",0.989010989010989,0.978021978021978,0.9230769230769231,0.989010989010989,0.989010989010989,0.9736263736263737,0.025630557779539778,13
141,3.093971920013428,0.07369239852521077,0.0009008407592773438,0.0004908281219707201,"['elu', 'elu', 'softmax']",0.001,0.001,"[25, 25, 2]","{'model__activations': ['elu', 'elu', 'softmax'], 'model__epsilon': 0.001, 'model__llambda': 0.001, 'model__n_hidden': [25, 25, 2]}",0.9560439560439561,0.978021978021978,0.9340659340659341,0.989010989010989,1.0,0.9714285714285715,0.02367105409729452,27
142,3.3178402900695803,0.14679532694578298,0.0009013175964355469,0.00019949402171879908,"['elu', 'elu', 'softmax']",0.001,0.001,"[50, 50, 2]","{'model__activations': ['elu', 'elu', 'softmax'], 'model__epsilon': 0.001, 'model__llambda': 0.001, 'model__n_hidden': [50, 50, 2]}",0.978021978021978,0.989010989010989,0.9560439560439561,0.989010989010989,0.978021978021978,0.9780219780219781,0.012037858406706946,5
143,4.005020713806152,0.2665631331452892,0.0007996559143066406,0.00039982808510602566,"['elu', 'elu', 'softmax']",0.001,0.001,"[100, 100, 2]","{'model__activations': ['elu', 'elu', 'softmax'], 'model__epsilon': 0.001, 'model__llambda': 0.001, 'model__n_hidden': [100, 100, 2]}",0.9560439560439561,0.967032967032967,0.9340659340659341,0.967032967032967,0.989010989010989,0.9626373626373628,0.01785502946073838,87
144,3.0232675075531006,0.037960756524413615,0.0008009910583496094,0.0004004967356010876,"['elu', 'elu', 'softmax']",0.001,0.01,"[25, 25, 2]","{'model__activations': ['elu', 'elu', 'softmax'], 'model__epsilon': 0.001, 'model__llambda': 0.01, 'model__n_hidden': [25, 25, 2]}",0.9560439560439561,0.9560439560439561,0.9230769230769231,1.0,0.967032967032967,0.9604395604395604,0.02467026848422377,101
145,3.2778483390808106,0.050959581454185617,0.0008019447326660156,0.00040097864642596974,"['elu', 'elu', 'softmax']",0.001,0.01,"[50, 50, 2]","{'model__activations': ['elu', 'elu', 'softmax'], 'model__epsilon': 0.001, 'model__llambda': 0.01, 'model__n_hidden': [50, 50, 2]}",0.978021978021978,0.978021978021978,0.945054945054945,1.0,0.989010989010989,0.9780219780219781,0.01838813245129838,5
146,4.031865501403809,0.054885676564710495,0.0007997512817382813,0.0003998757261607768,"['elu', 'elu', 'softmax']",0.001,0.01,"[100, 100, 2]","{'model__activations': ['elu', 'elu', 'softmax'], 'model__epsilon': 0.001, 'model__llambda': 0.01, 'model__n_hidden': [100, 100, 2]}",0.989010989010989,0.989010989010989,0.945054945054945,0.989010989010989,0.989010989010989,0.9802197802197803,0.01758241758241761,1
147,3.0131457805633546,0.03747050807789439,0.0006000518798828125,0.000489940339242533,"['elu', 'elu', 'softmax']",0.001,0.1,"[25, 25, 2]","{'model__activations': ['elu', 'elu', 'softmax'], 'model__epsilon': 0.001, 'model__llambda': 0.1, 'model__n_hidden': [25, 25, 2]}",0.9120879120879121,0.978021978021978,0.9230769230769231,0.9560439560439561,0.989010989010989,0.9516483516483516,0.029974025707661223,122
148,3.224964475631714,0.021688175335608174,0.0009665489196777344,0.00026521419543044326,"['elu', 'elu', 'softmax']",0.001,0.1,"[50, 50, 2]","{'model__activations': ['elu', 'elu', 'softmax'], 'model__epsilon': 0.001, 'model__llambda': 0.1, 'model__n_hidden': [50, 50, 2]}",0.9120879120879121,0.978021978021978,0.9340659340659341,0.9560439560439561,0.978021978021978,0.9516483516483516,0.025630557779539775,122
149,3.9597371578216554,0.0336765134332233,0.0008006095886230469,0.00040030730770973787,"['elu', 'elu', 'softmax']",0.001,0.1,"[100, 100, 2]","{'model__activations': ['elu', 'elu', 'softmax'], 'model__epsilon': 0.001, 'model__llambda': 0.1, 'model__n_hidden': [100, 100, 2]}",0.9120879120879121,0.9560439560439561,0.945054945054945,0.967032967032967,0.967032967032967,0.9494505494505494,0.020381579110979584,133
150,3.0148698329925536,0.07336830911695263,0.0007997512817382813,0.0003998762663407168,"['elu', 'elu', 'softmax']",0.01,0.0,"[25, 25, 2]","{'model__activations': ['elu', 'elu', 'softmax'], 'model__epsilon': 0.01, 'model__llambda': 0, 'model__n_hidden': [25, 25, 2]}",0.967032967032967,0.978021978021978,0.9230769230769231,0.989010989010989,0.967032967032967,0.9648351648351647,0.022413272587221016,78
151,3.262855863571167,0.04021454314679147,0.0008018970489501953,0.0004009541776081303,"['elu', 'elu', 'softmax']",0.01,0.0,"[50, 50, 2]","{'model__activations': ['elu', 'elu', 'softmax'], 'model__epsilon': 0.01, 'model__llambda': 0, 'model__n_hidden': [50, 50, 2]}",0.967032967032967,0.978021978021978,0.9230769230769231,0.978021978021978,0.989010989010989,0.9670329670329672,0.02305074391582749,52
152,4.045956230163574,0.13969568392684484,0.0010978221893310548,0.00019578991781632677,"['elu', 'elu', 'softmax']",0.01,0.0,"[100, 100, 2]","{'model__activations': ['elu', 'elu', 'softmax'], 'model__epsilon': 0.01, 'model__llambda': 0, 'model__n_hidden': [100, 100, 2]}",0.9560439560439561,0.978021978021978,0.9340659340659341,0.978021978021978,0.989010989010989,0.9670329670329672,0.019657740461536607,52
153,3.0676591396331787,0.028067676691019,0.001000213623046875,8.313939940530154e-07,"['elu', 'elu', 'softmax']",0.01,0.0001,"[25, 25, 2]","{'model__activations': ['elu', 'elu', 'softmax'], 'model__epsilon': 0.01, 'model__llambda': 0.0001, 'model__n_hidden': [25, 25, 2]}",0.967032967032967,0.978021978021978,0.9230769230769231,0.978021978021978,0.978021978021978,0.9648351648351647,0.021308482889742072,78
154,3.3422786712646486,0.024894150309028418,0.0010009765625,1.3869323322533596e-06,"['elu', 'elu', 'softmax']",0.01,0.0001,"[50, 50, 2]","{'model__activations': ['elu', 'elu', 'softmax'], 'model__epsilon': 0.01, 'model__llambda': 0.0001, 'model__n_hidden': [50, 50, 2]}",0.9340659340659341,0.978021978021978,0.9230769230769231,0.978021978021978,0.989010989010989,0.9604395604395604,0.02655614499691113,101
155,4.086304569244385,0.014810920605985264,0.0009024143218994141,0.00019908548106312336,"['elu', 'elu', 'softmax']",0.01,0.0001,"[100, 100, 2]","{'model__activations': ['elu', 'elu', 'softmax'], 'model__epsilon': 0.01, 'model__llambda': 0.0001, 'model__n_hidden': [100, 100, 2]}",0.967032967032967,0.978021978021978,0.9230769230769231,0.978021978021978,1.0,0.9692307692307693,0.02544139978635212,40
156,3.0578738689422607,0.01880051438100596,0.001101064682006836,0.0002007267185878449,"['elu', 'elu', 'softmax']",0.01,0.001,"[25, 25, 2]","{'model__activations': ['elu', 'elu', 'softmax'], 'model__epsilon': 0.01, 'model__llambda': 0.001, 'model__n_hidden': [25, 25, 2]}",0.945054945054945,0.978021978021978,0.9230769230769231,0.989010989010989,0.989010989010989,0.9648351648351647,0.026373626373626374,78
157,3.5277661323547362,0.0943470236390128,0.0008009910583496094,0.0004004996310093394,"['elu', 'elu', 'softmax']",0.01,0.001,"[50, 50, 2]","{'model__activations': ['elu', 'elu', 'softmax'], 'model__epsilon': 0.01, 'model__llambda': 0.001, 'model__n_hidden': [50, 50, 2]}",0.967032967032967,0.978021978021978,0.9340659340659341,0.978021978021978,0.989010989010989,0.9692307692307693,0.01890620937811566,40
158,4.1578880786895756,0.10154915911317773,0.00040001869201660155,0.0004899209865402341,"['elu', 'elu', 'softmax']",0.01,0.001,"[100, 100, 2]","{'model__activations': ['elu', 'elu', 'softmax'], 'model__epsilon': 0.01, 'model__llambda': 0.001, 'model__n_hidden': [100, 100, 2]}",0.967032967032967,0.978021978021978,0.9340659340659341,0.967032967032967,0.978021978021978,0.9648351648351647,0.01615048182054841,78
159,3.093204689025879,0.1928421627632674,0.0011013031005859375,0.0002009640598145779,"['elu', 'elu', 'softmax']",0.01,0.01,"[25, 25, 2]","{'model__activations': ['elu', 'elu', 'softmax'], 'model__epsilon': 0.01, 'model__llambda': 0.01, 'model__n_hidden': [25, 25, 2]}",0.989010989010989,0.967032967032967,0.9230769230769231,0.967032967032967,0.989010989010989,0.9670329670329672,0.024075716813413892,52
160,3.4750545024871826,0.07824717985949542,0.0008031368255615234,0.0002445263348954179,"['elu', 'elu', 'softmax']",0.01,0.01,"[50, 50, 2]","{'model__activations': ['elu', 'elu', 'softmax'], 'model__epsilon': 0.01, 'model__llambda': 0.01, 'model__n_hidden': [50, 50, 2]}",0.967032967032967,0.989010989010989,0.9230769230769231,0.967032967032967,0.989010989010989,0.9670329670329672,0.024075716813413892,52
161,4.090892362594604,0.08949534483655296,0.000800180435180664,0.0004000971615191401,"['elu', 'elu', 'softmax']",0.01,0.01,"[100, 100, 2]","{'model__activations': ['elu', 'elu', 'softmax'], 'model__epsilon': 0.01, 'model__llambda': 0.01, 'model__n_hidden': [100, 100, 2]}",0.967032967032967,0.978021978021978,0.9230769230769231,0.989010989010989,0.989010989010989,0.9692307692307693,0.024473689506945145,40
162,2.9934600353240968,0.0326922340161429,0.0009016036987304687,0.0004906430670307693,"['elu', 'elu', 'softmax']",0.01,0.1,"[25, 25, 2]","{'model__activations': ['elu', 'elu', 'softmax'], 'model__epsilon': 0.01, 'model__llambda': 0.1, 'model__n_hidden': [25, 25, 2]}",0.9120879120879121,0.978021978021978,0.9120879120879121,0.9010989010989011,0.978021978021978,0.9362637362637362,0.034330767806183084,164
163,3.3108577728271484,0.14076568245293658,0.0005008220672607422,0.000447131644892761,"['elu', 'elu', 'softmax']",0.01,0.1,"[50, 50, 2]","{'model__activations': ['elu', 'elu', 'softmax'], 'model__epsilon': 0.01, 'model__llambda': 0.1, 'model__n_hidden': [50, 50, 2]}",0.9230769230769231,0.967032967032967,0.945054945054945,0.9560439560439561,0.9230769230769231,0.9428571428571428,0.017582417582417565,146
164,4.026350307464599,0.14434992872732974,0.0008016586303710938,0.00040082985408037886,"['elu', 'elu', 'softmax']",0.01,0.1,"[100, 100, 2]","{'model__activations': ['elu', 'elu', 'softmax'], 'model__epsilon': 0.01, 'model__llambda': 0.1, 'model__n_hidden': [100, 100, 2]}",0.9120879120879121,0.978021978021978,0.9230769230769231,0.9560439560439561,0.989010989010989,0.9516483516483516,0.029974025707661223,122
165,2.9516826629638673,0.07582569837962977,0.0009015083312988281,0.0004910138202944684,"['elu', 'elu', 'softmax']",0.1,0.0,"[25, 25, 2]","{'model__activations': ['elu', 'elu', 'softmax'], 'model__epsilon': 0.1, 'model__llambda': 0, 'model__n_hidden': [25, 25, 2]}",0.9560439560439561,0.967032967032967,0.9340659340659341,0.989010989010989,0.967032967032967,0.9626373626373625,0.01785502946073838,91
166,3.1893514156341554,0.03504029365943774,0.0006003856658935546,0.000490214675551097,"['elu', 'elu', 'softmax']",0.1,0.0,"[50, 50, 2]","{'model__activations': ['elu', 'elu', 'softmax'], 'model__epsilon': 0.1, 'model__llambda': 0, 'model__n_hidden': [50, 50, 2]}",0.967032967032967,0.967032967032967,0.9230769230769231,0.978021978021978,0.978021978021978,0.9626373626373625,0.02038157911097954,91
167,4.028138208389282,0.13012615521337068,0.0008008003234863282,0.0004004036966939881,"['elu', 'elu', 'softmax']",0.1,0.0,"[100, 100, 2]","{'model__activations': ['elu', 'elu', 'softmax'], 'model__epsilon': 0.1, 'model__llambda': 0, 'model__n_hidden': [100, 100, 2]}",0.9560439560439561,0.978021978021978,0.9230769230769231,0.978021978021978,0.989010989010989,0.964835164835165,0.02346610604842044,68
168,3.0559759616851805,0.0653378855972378,0.001100635528564453,0.0002011777383225608,"['elu', 'elu', 'softmax']",0.1,0.0001,"[25, 25, 2]","{'model__activations': ['elu', 'elu', 'softmax'], 'model__epsilon': 0.1, 'model__llambda': 0.0001, 'model__n_hidden': [25, 25, 2]}",0.9560439560439561,0.967032967032967,0.9340659340659341,0.978021978021978,0.989010989010989,0.964835164835165,0.01890620937811566,68
169,3.29982442855835,0.023292505505542915,0.0010009288787841796,1.5771708878079632e-06,"['elu', 'elu', 'softmax']",0.1,0.0001,"[50, 50, 2]","{'model__activations': ['elu', 'elu', 'softmax'], 'model__epsilon': 0.1, 'model__llambda': 0.0001, 'model__n_hidden': [50, 50, 2]}",0.967032967032967,0.9560439560439561,0.9230769230769231,0.989010989010989,0.989010989010989,0.964835164835165,0.024473689506945145,68
170,4.097068405151367,0.08328985974058296,0.0005997180938720703,0.0004896681755972477,"['elu', 'elu', 'softmax']",0.1,0.0001,"[100, 100, 2]","{'model__activations': ['elu', 'elu', 'softmax'], 'model__epsilon': 0.1, 'model__llambda': 0.0001, 'model__n_hidden': [100, 100, 2]}",0.9560439560439561,0.978021978021978,0.9230769230769231,0.978021978021978,0.989010989010989,0.964835164835165,0.02346610604842044,68
171,3.2511627674102783,0.20239460841757692,0.0007997989654541015,0.0003998996071032651,"['elu', 'elu', 'softmax']",0.1,0.001,"[25, 25, 2]","{'model__activations': ['elu', 'elu', 'softmax'], 'model__epsilon': 0.1, 'model__llambda': 0.001, 'model__n_hidden': [25, 25, 2]}",0.989010989010989,0.989010989010989,0.9230769230769231,0.989010989010989,1.0,0.9780219780219781,0.02780024316631541,5
172,3.221727132797241,0.04570118214852185,0.0005999565124511719,0.0004898624411217046,"['elu', 'elu', 'softmax']",0.1,0.001,"[50, 50, 2]","{'model__activations': ['elu', 'elu', 'softmax'], 'model__epsilon': 0.1, 'model__llambda': 0.001, 'model__n_hidden': [50, 50, 2]}",0.9560439560439561,0.989010989010989,0.9230769230769231,0.989010989010989,0.989010989010989,0.9692307692307693,0.02637362637362637,40
173,4.018231391906738,0.09886989575126448,0.0007999897003173828,0.0003999952303037686,"['elu', 'elu', 'softmax']",0.1,0.001,"[100, 100, 2]","{'model__activations': ['elu', 'elu', 'softmax'], 'model__epsilon': 0.1, 'model__llambda': 0.001, 'model__n_hidden': [100, 100, 2]}",0.978021978021978,0.989010989010989,0.9230769230769231,0.989010989010989,0.978021978021978,0.9714285714285715,0.024670268484223778,27
174,2.9463765621185303,0.011034670724995333,0.000800180435180664,0.00040009116594986327,"['elu', 'elu', 'softmax']",0.1,0.01,"[25, 25, 2]","{'model__activations': ['elu', 'elu', 'softmax'], 'model__epsilon': 0.1, 'model__llambda': 0.01, 'model__n_hidden': [25, 25, 2]}",0.9340659340659341,0.989010989010989,0.945054945054945,0.8021978021978022,0.967032967032967,0.9274725274725275,0.06541923545554819,165
175,3.191384029388428,0.02500625013305577,0.0,0.0,"['elu', 'elu', 'softmax']",0.1,0.01,"[50, 50, 2]","{'model__activations': ['elu', 'elu', 'softmax'], 'model__epsilon': 0.1, 'model__llambda': 0.01, 'model__n_hidden': [50, 50, 2]}",0.9340659340659341,0.967032967032967,0.9230769230769231,0.9560439560439561,0.967032967032967,0.9494505494505494,0.017855029460738362,133
176,3.940615749359131,0.07720656848584882,0.0008004188537597656,0.00040021211131693304,"['elu', 'elu', 'softmax']",0.1,0.01,"[100, 100, 2]","{'model__activations': ['elu', 'elu', 'softmax'], 'model__epsilon': 0.1, 'model__llambda': 0.01, 'model__n_hidden': [100, 100, 2]}",0.967032967032967,0.978021978021978,0.9010989010989011,0.989010989010989,0.978021978021978,0.9626373626373625,0.03154439581188422,91
177,2.9319669723510744,0.017592346412397323,0.0010004043579101562,6.217195897295617e-07,"['elu', 'elu', 'softmax']",0.1,0.1,"[25, 25, 2]","{'model__activations': ['elu', 'elu', 'softmax'], 'model__epsilon': 0.1, 'model__llambda': 0.1, 'model__n_hidden': [25, 25, 2]}",0.945054945054945,0.945054945054945,0.8351648351648352,0.8791208791208791,0.9010989010989011,0.9010989010989011,0.04170036474947311,180
178,3.5873192310333253,0.3515459634037606,0.0009010791778564453,0.000491463977117089,"['elu', 'elu', 'softmax']",0.1,0.1,"[50, 50, 2]","{'model__activations': ['elu', 'elu', 'softmax'], 'model__epsilon': 0.1, 'model__llambda': 0.1, 'model__n_hidden': [50, 50, 2]}",0.9230769230769231,0.9120879120879121,0.9010989010989011,0.978021978021978,0.9010989010989011,0.9230769230769231,0.028655834748143493,171
179,4.177639007568359,0.03492827965925879,0.0009998321533203126,8.609519045480627e-07,"['elu', 'elu', 'softmax']",0.1,0.1,"[100, 100, 2]","{'model__activations': ['elu', 'elu', 'softmax'], 'model__epsilon': 0.1, 'model__llambda': 0.1, 'model__n_hidden': [100, 100, 2]}",0.9120879120879121,0.9560439560439561,0.7582417582417582,0.978021978021978,0.9340659340659341,0.9076923076923077,0.07789030833700815,179
